{"uid":"b1a8273437954620fa374b796ffaacdd","name":"behaviors","children":[{"name":"To verify invalid login","children":[{"name":"Intentionally fail login with empty credentials","uid":"76f0baf91d3eacb0","parentUid":"734c0dba2083b4c12244399702f8e279","status":"broken","time":{"start":1737365462100,"stop":1737365471041,"duration":8941},"flaky":false,"newFailed":false,"newPassed":false,"newBroken":false,"retriesCount":0,"retriesStatusChange":false,"parameters":["chrome-132.0.6834.84"],"tags":[]}],"uid":"734c0dba2083b4c12244399702f8e279"}]}