{"uid":"b1a8273437954620fa374b796ffaacdd","name":"behaviors","children":[{"name":"To verify invalid login","children":[{"name":"Intentionally fail login with empty credentials","uid":"28465a4e05ffb3de","parentUid":"734c0dba2083b4c12244399702f8e279","status":"broken","time":{"start":1737539111486,"stop":1737539120560,"duration":9074},"flaky":false,"newFailed":false,"newPassed":false,"newBroken":false,"retriesCount":0,"retriesStatusChange":false,"parameters":["chrome-132.0.6834.84"],"tags":[]}],"uid":"734c0dba2083b4c12244399702f8e279"}]}