{"uid":"4b4757e66a1912dae1a509f688f20b0f","name":"categories","children":[{"name":"Test defects","children":[{"name":"no such alert: no such alert","children":[{"name":"Intentionally fail login with empty credentials","uid":"76f0baf91d3eacb0","parentUid":"a7eb20ba8d7aa7189e26e3ee9019e03c","status":"broken","time":{"start":1737365462100,"stop":1737365471041,"duration":8941},"flaky":false,"newFailed":false,"newPassed":false,"newBroken":false,"retriesCount":0,"retriesStatusChange":false,"parameters":["chrome-132.0.6834.84"],"tags":[]}],"uid":"a7eb20ba8d7aa7189e26e3ee9019e03c"}],"uid":"bdbf199525818fae7a8651db9eafe741"}]}