{"uid":"83edc06c07f9ae9e47eb6dd1b683e4e2","name":"packages","children":[{"name":"To verify invalid login","children":[{"name":"Intentionally fail login with empty credentials","uid":"76f0baf91d3eacb0","parentUid":"f4d34c50b5ea1990015b0f4bd63fb42e","status":"broken","time":{"start":1737365462100,"stop":1737365471041,"duration":8941},"flaky":false,"newFailed":false,"newPassed":false,"newBroken":false,"retriesCount":0,"retriesStatusChange":false,"parameters":["chrome-132.0.6834.84"],"tags":[]}],"uid":"f4d34c50b5ea1990015b0f4bd63fb42e"}]}