{"uid":"98d3104e051c652961429bf95fa0b5d6","name":"suites","children":[{"name":"To verify invalid login","children":[{"name":"Intentionally fail login with empty credentials","uid":"28465a4e05ffb3de","parentUid":"505194aa0b431773a97380d7101e1db2","status":"broken","time":{"start":1737539111486,"stop":1737539120560,"duration":9074},"flaky":false,"newFailed":false,"newPassed":false,"newBroken":false,"retriesCount":0,"retriesStatusChange":false,"parameters":["chrome-132.0.6834.84"],"tags":[]}],"uid":"505194aa0b431773a97380d7101e1db2"}]}