{"uid":"98d3104e051c652961429bf95fa0b5d6","name":"suites","children":[{"name":"To verify invalid login","children":[{"name":"Intentionally fail login with empty credentials","uid":"76f0baf91d3eacb0","parentUid":"505194aa0b431773a97380d7101e1db2","status":"broken","time":{"start":1737365462100,"stop":1737365471041,"duration":8941},"flaky":false,"newFailed":false,"newPassed":false,"newBroken":false,"retriesCount":0,"retriesStatusChange":false,"parameters":["chrome-132.0.6834.84"],"tags":[]}],"uid":"505194aa0b431773a97380d7101e1db2"}]}