{"uid":"ab17fc5a4eb3bca4b216b548c7f9fcbc","name":"timeline","children":[{"name":"0-4","children":[{"name":"Intentionally fail login with empty credentials","uid":"76f0baf91d3eacb0","parentUid":"24bc2dfa7c2fb5a7cdc8e85ad96a418d","status":"broken","time":{"start":1737365462100,"stop":1737365471041,"duration":8941},"flaky":false,"newFailed":false,"newPassed":false,"newBroken":false,"retriesCount":0,"retriesStatusChange":false,"parameters":["chrome-132.0.6834.84"],"tags":[]}],"uid":"24bc2dfa7c2fb5a7cdc8e85ad96a418d"}]}