{"uid":"ab17fc5a4eb3bca4b216b548c7f9fcbc","name":"timeline","children":[{"name":"0-4","children":[{"name":"Intentionally fail login with empty credentials","uid":"28465a4e05ffb3de","parentUid":"24bc2dfa7c2fb5a7cdc8e85ad96a418d","status":"broken","time":{"start":1737539111486,"stop":1737539120560,"duration":9074},"flaky":false,"newFailed":false,"newPassed":false,"newBroken":false,"retriesCount":0,"retriesStatusChange":false,"parameters":["chrome-132.0.6834.84"],"tags":[]}],"uid":"24bc2dfa7c2fb5a7cdc8e85ad96a418d"}]}